Stock,Date,Title
GOOG,7/14/2022,"Alphabet apports R. Martin ""Marty"" Chavez to its board to directors"
GOOG,7/7/2022,Alphabet announces date of second quarter 2022 financial results conference call
GOOG,5/11/2022,"Alphabet to present at the J.P. Morgan global technology, media and communications conference"
GOOG,4/26/2022,Alphabet announces first quarter 2022 results
GOOG,4/22/2022,Alphabet announces internet availability of proxy materials for its 2022 annual meeting of stockholders
GOOG,4/7/2022,Alphabet announces date of first quarter 2022 financial results conference call
META,7/1/2022,Meta to announce second quarter 2022 results
META,5/31/2022,"Meta platforms, inc. to change ticker symbol to 'META' on July 9"
META,4/27/2022,Meta reports first quarter 2022 results
META,4/4/2022,Meta to announce first quarter 2022 results
META,3/3/2022,"Meta to participate in the morgan stanley technology, media & telecom conference"
